sequence,label
tactagcaatacgcttgcgttcggtggttaagtatgtataatgcgcgggcttgtcgt,positive
tgctatcctgacagttgtcacgctgattggtgtcgttacaatctaacgcatcgccaa,positive
gtactagagaactagtgcattagcttatttttttgttatcatgctaaccacccggcg,positive
aattgtgatgtgtatcgaagtgtgttgcggagtagatgttagaatactaacaaactc,positive
tcgataattaactattgacgaaaagctgaaaaccactagaatgcgcctccgtggtag,positive
aggggcaaggaggatggaaagaggttgccgtataaagaaactagagtccgtttaggt,positive
cagggggtggaggatttaagccatctcctgatgacgcatagtcagcccatcatgaat,positive
tttctacaaaacacttgatactgtatgagcatacagtataattgcttcaacagaaca,positive
cgacttaatatactgcgacaggacgtccgttctgtgtaaatcgcaatgaaatggttt,positive
ttttaaatttcctcttgtcaggccggaataactccctataatgcgccaccactgaca,positive
gcaaaaataaatgcttgactctgtagcgggaaggcgtattatgcacaccccgcgccg,positive
cctgaaattcagggttgactctgaaagaggaaagcgtaatatacgccacctcgcgac,positive
gatcaaaaaaatacttgtgcaaaaaattgggatccctataatgcgcctccgttgaga,positive
ctgcaatttttctattgcggcctgcggagaactccctataatgcgcctccatcgaca,positive
tttatatttttcgcttgtcaggccggaataactccctataatgcgccaccactgaca,positive
aagcaaagaaatgcttgactctgtagcgggaaggcgtattatgcacaccgccgcgcc,positive
atgcatttttccgcttgtcttcctgagccgactccctataatgcgcctccatcgaca,positive
aaacaatttcagaatagacaaaaactctgagtgtaataatgtagcctcgtgtcttgc,positive
tctcaacgtaacactttacagcggcgcgtcatttgatatgatgcgccccgcttcccg,positive
gcaaataatcaatgtggacttttctgccgtgattatagacacttttgttacgcgttt,positive
gacaccatcgaatggcgcaaaacctttcgcggtatggcatgatagcgcccggaagag,positive
aaaaacgtcatcgcttgcattagaaaggtttctggccgaccttataaccattaatta,positive
tctgaaatgagctgttgacaattaatcatcgaactagttaactagtacgcaagttca,positive
accggaagaaaaccgtgacattttaacacgtttgttacaaggtaaaggcgacgccgc,positive
aaattaaaattttattgacttaggtcactaaatactttaaccaatataggcatagcg,positive
ttgtcataatcgacttgtaaaccaaattgaaaagatttaggtttacaagtctacacc,positive
catcctcgcaccagtcgacgacggtttacgctttacgtatagtggcgacaatttttt,positive
tccagtataatttgttggcataattaagtacgacgagtaaaattacatacctgcccg,positive
acagttatccactattcctgtggataaccatgtgtattagagttagaaaacacgagg,positive
tgtgcagtttatggttccaaaatcgccttttgctgtatatactcacagcataactgt,positive
ctgttgttcagtttttgagttgtgtataacccctcattctgatcccagcttatacgg,positive
attacaaaaagtgctttctgaactgaacaaaaaagagtaaagttagtcgcgtagggt,positive
atgcgcaacgcggggtgacaagggcgcgcaaaccctctatactgcgcgccgaagctg,positive
taaaaaactaacagttgtcagcctgtcccgcttataagatcatacgccgttatacgt,positive
atgcaattttttagttgcatgaactcgcatgtctccatagaatgcgcgctacttgat,positive
ccttgaaaaagaggttgacgctgcaaggctctatacgcataatgcgccccgcaacgc,positive
tcgttgtatatttcttgacaccttttcggcatcgccctaaaattcggcgtcctcata,positive
ccgtttattttttctacccatatccttgaagcggtgttataatgccgcgccctcgat,positive
ttcgcatatttttcttgcaaagttgggttgagctggctagattagccagccaatctt,positive
tgtaaactaatgcctttacgtgggcggtgattttgtctacaatcttacccccacgta,positive
gatcgcacgatctgtatacttatttgagtaaattaacccacgatcccagccattctt,positive
aacgcatacggtattttaccttcccagtcaagaaaacttatcttattcccacttttc,positive
ttagcggatcctacctgacgctttttatcgcaactctctactgtttctccatacccg,positive
gccttctccaaaacgtgttttttgttgttaattcggtgtagacttgtaaacctaaat,positive
cagaaacgttttattcgaacatcgatctcgtcttgtgttagaattctaacatacggt,positive
cactaatttattccatgtcacacttttcgcatctttgttatgctatggttatttcat,positive
atataaaaaagttcttgctttctaacgtgaaagtggtttaggttaaaagacatcagt,positive
caaggtagaatgctttgccttgtcggcctgattaatggcacgatagtcgcatcggat,positive
ggccaaaaaatatcttgtactatttacaaaacctatggtaactctttaggcattcct,positive
taggcaccccaggctttacactttatgcttccggctcgtatgttgtgtggaattgtg,positive
ccatcaaaaaaatattctcaacataaaaaactttgtgtaatacttgtaacgctacat,positive
tggggacgtcgttactgatccgcacgtttatgatatgctatcgtactctttagcgag,positive
tcagaaatattatggtgatgaactgtttttttatccagtataatttgttggcataat,positive
atatgaacgttgagactgccgctgagttatcagctgtgaacgacattctggcgtcta,negative
cgaacgagtcaatcagaccgctttgactctggtattactgtgaacattattcgtctc,negative
caatggcctctaaacgggtcttgaggggttttttgctgaaaggaggaactatatgcg,negative
ttgacctactacgccagcattttggcggtgtaagctaaccattccggttgactcaat,negative
cgtctatcggtgaacctccggtatcaacgctggaaggtgacgctaacgcagatgcag,negative
gccaatcaatcaagaacttgaagggtggtatcagccaacagcctgacatccttcgtt,negative
tggatggacgttcaacattgaggaaggcataacgctactacctgatgtttactccaa,negative
gaggtggctatgtgtatgaccgaacgagtcaatcagaccgctttgactctggtatta,negative
cgtagcgcatcagtgctttcttactgtgagtacgcaccagcgccagaggacgacgac,negative
cgaccgaagcgagcctcgtcctcaatggcctctaaacgggtcttgaggggttttttg,negative
ctacggtgggtacaatatgctggatggagatgcgttcacttctggtctactgactcg,negative
atagtctcagagtcttgacctactacgccagcattttggcggtgtaagctaaccatt,negative
aactcaaggctgatacggcgagacttgcgagccttgtccttgcggtacacagcagcg,negative
ttactgtgaacattattcgtctccgcgactacgatgagatgcctgagtgcttccgtt,negative
tattctcaacaagattaaccgacagattcaatctcgtggatggacgttcaacattga,negative
aacgagtcaatcagaccgctttgactctggtattactgtgaacattattcgtctccg,negative
aagtgcttagcttcaaggtcacggatacgaccgaagcgagcctcgtcctcaatggcc,negative
gaagaccacgcctcgccaccgagtagacccttagagagcatgtcagcctcgacaact,negative
ttagagagcatgtcagcctcgacaacttgcataaatgctttcttgtagacgtgccct,negative
tattcgtctccgcgactacgatgagatgcctgagtgcttccgttactggattgtcac,negative
tgctgaaaggaggaactatatgcgctcatacgatatgaacgttgagactgccgctga,negative
catgaactcaaggctgatacggcgagacttgcgagccttgtccttgcggtacacagc,negative
ttcgtctccgcgactacgatgagatgcctgagtgcttccgttactggattgtcacca,negative
catgtcagcctcgacaacttgcataaatgctttcttgtagacgtgccctacgcgctt,negative
aggaggaactacgcaaggttggaacatcggagagatgccagccagcgcacctgcacg,negative
tctcaacaagattaaccgacagattcaatctcgtggatggacgttcaacattgagga,negative
tgaagtgcttagcttcaaggtcacggatacgaccgaagcgagcctcgtcctcaatgg,negative
ctatatgcgctcatacgatatgaacgttgagactgccgctgagttatcagctgtgaa,negative
gcggcagcacgtttccacgcggtgagagcctcaggattcatgtcgatgtcttccggt,negative
atccctaatgtctacttccggtcaatccatctacgttaaccgaggtggctatgtgta,negative
tggcgtctatcggtgaacctccggtatcaacgctggaaggtgacgctaacgcagatg,negative
tctcgtggatggacgttcaacattgaggaaggcataacgctactacctgatgtttac,negative
tattggcttgctcaagcatgaactcaaggctgatacggcgagacttgcgagccttgt,negative
tagagggtgtactccaagaagaggaagatgaggctagacgtctctgcatggagtatg,negative
cagcggcagcacgtttccacgcggtgagagcctcaggattcatgtcgatgtcttccg,negative
ttacgttggcgaccgctaggactttcttgttgattttccatgcggtgttttgcgcaa,negative
acgctaacgcagatgcagcgaacgctcggcgtattctcaacaagattaaccgacaga,negative
ggtgttttgcgcaatgttaatcgctttgtacacctcaggcatgtaaacgtcttcgta,negative
aaccattccggttgactcaatgagcatctcgatgcagcgtactcctacatgaataga,negative
agacgtctctgcatggagtatgagatggactacggtgggtacaatatgctggatgga,negative
tgttgattttccatgcggtgttttgcgcaatgttaatcgctttgtacacctcaggca,negative
tgcacgggttgcgatagcctcagcgtattcaggtgcgagttcgatagtctcagagtc,negative
aggcatgtaaacgtcttcgtagcgcatcagtgctttcttactgtgagtacgcaccag,negative
ccgagtagacccttagagagcatgtcagcctcgacaacttgcataaatgctttcttg,negative
cgctaggactttcttgttgattttccatgcggtgttttgcgcaatgttaatcgcttt,negative
tatgaccgaacgagtcaatcagaccgctttgactctggtattactgtgaacattatt,negative
agagggtgtactccaagaagaggaagatgaggctagacgtctctgcatggagtatga,negative
gagagcatgtcagcctcgacaacttgcataaatgctttcttgtagacgtgccctacg,negative
cctcaatggcctctaaacgggtcttgaggggttttttgctgaaaggaggaactatat,negative
gtattctcaacaagattaaccgacagattcaatctcgtggatggacgttcaacattg,negative
cgcgactacgatgagatgcctgagtgcttccgttactggattgtcaccaaggcttcc,negative
ctcgtcctcaatggcctctaaacgggtcttgaggggttttttgctgaaaggaggaac,negative
taacattaataaataaggaggctctaatggcactcattagccaatcaatcaagaact,negative
